Level code,University,City,Courses,Faculty,Int fees,Local fees,Currency,Currency Time,Duration,Duration Time,Prerequiste_1,Prerequiste_2,Prerequiste_3,Prerequiste_1_grade,Prerequiste_2_grade,Prerequiste_3_grade,Website,course_lang,Availability,Description,Career outcomes,Country,Online,Offline,Distance,Face to face,Blended,Remarks
MST,Victoria University,Footscray ParkVU Sydney,Master of Applied Information Technology,College of Engineering and Science,"15,450",,AUD,Year,2,Years,IELTS,,,6.5,,,https://www.vu.edu.au/courses/international/NMIT,English,A,"The Master of Applied Information Technology (NMIT) is a flexible, accredited course, providing advanced training for students with an IT degree. Areas of focus include cyber security, machine learning and data science. You’ll build on your computing skills, preparing for senior IT roles. Hands-on, practical classes let you develop and enhance the skills shaped out of theory. This course provides flexibility through face-to-face and online learning. We focus on solving real-world problems in:",ICT training/ business intelligence/ project management/ data warehousing/ IT consultancy/ networking administration/ networking/ software development/engineering.,Australia,Yes,Yes,,Yes,Yes,
MST,Victoria University,Footscray Park,Master of Applied Science,,"14,850",,AUD,Year,2,Years,,,,,,,https://www.vu.edu.au/courses/international/HREH,English,A,"Develop a capacity for solutions through independent research and problem analysis with the Master of Applied Science. You'll expand and develop specialist knowledge in your chosen field of research and provide evidence of independent thought and the ability to manage a research project. You'll learn how to: Be supported by academic staff with experience in research projects, presenting papers to international conferences and publishing academic journals and books.","management-level positions in industry or government/ research in government laboratories, research institutions or in industry/ employment with a university conducting research/ visiting key international research institutes.",Australia,Yes,Yes,,Yes,Yes,
MST,Victoria University,Footscray Park,Master of Arts,,"14,850",,AUD,Year,2,Years,,,,,,,https://www.vu.edu.au/courses/international/HRAT,English,A,"Build on your knowledge in the arts and further your career prospects. VU’s Master of Arts develops your specialist knowledge and opens doors to opportunities in your area of interest and passion. During your postgraduate study, you'll undertake a research project of your choice in the humanities, social sciences or creative arts. You will make a valuable contribution to social knowledge, and improve your job prospects with professional skills that are sought after by employers in the sector.","management-level positions in industry or government/ research in government laboratories, research institutions or in industry/ commissioning editor for a specialist academic journal/ presenting at conferences/ employment with a university conducting research/ visiting key international research institutes.",Australia,Yes,Yes,,Yes,Yes,
MST,Victoria University,Footscray Park,Master of Arts (Research),,"12,650",,AUD,Year,2,Years,,,,,,,https://www.vu.edu.au/courses/international/ARXL,English,A,"Undertake a research project to gain a respected masters qualification in the humanities, arts or social sciences. You'll be supported by a large community of academic staff with experience conducting research projects, presenting papers to international conferences, and publishing academic journal articles and books. Our position in the west of Melbourne offers unique opportunities for collaborative research. We have strong connections with community, healthcare and arts organisations, as well as local and national government departments.","journalism, writing or strategic communications/ publishing/ arts administration and management/ government and policy work/ community-sector professional roles/ creative arts.",Australia,Yes,Yes,,Yes,Yes,
GDIP,Victoria University,City FlindersVU Sydney,Graduate Diploma in Business (Accounting),Victoria University Business School,"15,150",,AUD,Year,1,Year,IELTS,,,6.5,,,https://www.vu.edu.au/courses/international/BGAR,English,A,,"When you graduate, you’ll have valuable and transferable skills for work in a variety of business, finance and accounting roles in Australia and overseas. This course provides a pathway to further study or could lead to a career as a general accountant or assistant accountant.",Australia,Yes,Yes,,Yes,Yes,
MST,Victoria University,City FlindersVU Sydney,Master of Business (Accounting),Victoria University Business School,"14,700",,AUD,Year,2,Years,IELTS,,,6.5,,,https://www.vu.edu.au/courses/international/BMAK,English,A,,general accountant/ taxation accountant/ management accountant.,Australia,Yes,Yes,,Yes,Yes,
GCERT,Victoria University,City Flinders,Graduate Certificate in Business Administration,Victoria University Business School,"16,200",,AUD,Year,0.5,Year,IELTS,,,6.5,,,https://www.vu.edu.au/courses/international/BTPF,English,A,"Update your business and managements skills and knowledge through our Graduate Certificate in Business Administration. The program is suited to business graduates and to managers qualified in other disciplines. It offers a pathway to postgraduate study in the Master of Business Administration (MBA). You can study at our convenient city campus, or complete your Graduate Certificate in Business Administration 100% online.",marketing/ human resources/ trading/ real estate/ construction/ IT/ consultation/ management.,Australia,Yes,Yes,,Yes,Yes,
MST,Victoria University,City Flinders,Master of Business Administration,Victoria University Business School,"16,200",,AUD,Year,1.5,Years,IELTS,,,6.5,,,https://www.vu.edu.au/courses/international/BMPF,English,A,"Take your career in business to the next level with a Master of Business Administration (MBA) from Victoria University. Delivered by the Victoria University Business School (VUBS), the Master of Business Administration covers a broad range of business and management disciplines. Tailor your MBA by completing elective units in a particular business area of study. CEO Magazine's 2019 Global Rankings awarded our MBA a Tier One rating by for its excellent lecturers, small class sizes, student diversity, value-for-money and international study options.",chief executive officer/ chief information officer/ marketing/communications director/ human resources director/ financial manager.,Australia,Yes,Yes,,Yes,Yes,
MST,Victoria University,City Flinders,Master of Business Administration (Professional),Victoria University Business School,"16,200",,AUD,Year,2,Years,IELTS,,,6.5,,,https://www.vu.edu.au/courses/international/BMAB,English,A,,Successful completion of course could lead to general management and middle management positions in a variety of industries.,Australia,Yes,Yes,,Yes,Yes,
GDIP,Victoria University,City Flinders,Graduate Diploma in Business Analytics,Victoria University Business School,"14,850",,AUD,Year,1,Year,IELTS,,,6.5,,,https://www.vu.edu.au/courses/international/BGBI,English,A,"Enhance your professional experience with a Graduate Diploma in Business Analytics from a world-leading ERP systems (SAP) education provider. Victoria University is one of the world's leading institutions in ERP systems (SAP) education as recognised by industry, SAP and academia. Our Graduate Diploma in Business Analytics is tailored to professionals with a base of significant relevant experience, but who do not yet have a bachelor’s degree.","SAP-related fields/ analytics/ business intelligence/ business analysis/ information prediction/ financial, logistics, HR, and supply-chain analysis.",Australia,Yes,Yes,,Yes,Yes,
MST,Victoria University,City Flinders,Master of Business Analytics,Victoria University Business School,"14,850",,AUD,Year,1.5,Years,IELTS,,,6.5,,,https://www.vu.edu.au/courses/international/BMAD,English,A,"Launch a rewarding career in business analytics – combining your ICT skills with business knowledge and SAP systems expertise. Victoria University is a world leader in Enterprise Resource Planning (ERP) systems (SAP) education. We offer an internationally respected and comprehensive business-analytics courses. Our links with the ERP industry are what sets us apart. You’ll have access to the latest business-analytics developments, and real-world experience.",SAP-related fields/ analytics/ business intelligence,Australia,Yes,Yes,,Yes,Yes,
MST,Victoria University,City Flinders,Master of Business Analytics (Professional),Victoria University Business School,"14,850",,AUD,Year,2,Years,IELTS,,,6.5,,,https://www.vu.edu.au/courses/international/BMBI,English,A,"Become an industry leader in enterprise resource management planning (ERP) systems and SAP with VU's Master of Business Analytics (Professional). VU's business masters programs are world-class, and highly valued in the industry. We have strong industry connections, offering real-world experience and networking opportunities. During your study, you’ll develop practical, up-to-date knowledge of SAP software. We offer hands-on experience and online access to a comprehensive suite of SAP Business Intelligence/Business Analytics (BI/BA) software applications and technology.","information technology, information systems and computer science graduates looking to gain a foothold in corporate ERP / SAP organisations/ technology analysts looking to move into a career in business analytics/ business analysts looking to move to an SAP based organisation/ SAP professionals looking to expand their career opportunities.",Australia,Yes,Yes,,Yes,Yes,
MST,Victoria University,City Flinders,Master of Business [By Research],,"17,200",,AUD,Year,2,Years,,,,,,,https://www.vu.edu.au/courses/international/BRAM,English,A,,Upon graduation you'll be able to progress to a PhD or Professional Doctorate or be employed as a research assistant or research technician.,Australia,Yes,Yes,,Yes,Yes,
GDIP,Victoria University,City FlindersVU Sydney,Graduate Diploma in Business (Enterprise Resource Planning Systems),Victoria University Business School,"15,300",,AUD,Year,1,Year,IELTS,,,6.5,,,https://www.vu.edu.au/courses/international/BGEP,English,A,"Build on your professional experience in business systems and SAP, with VU's Graduate Diploma in Business (Enterprise Resource Planning Systems). In our postgraduate business diploma, you'll learn to implement and maintain enterprise resource planning (ERP) systems using SAP technology. If you are interested in a career using SAP software, VU is the place to study for it. We have the most comprehensive postgraduate program in Australia, strong industry connections, and 24-hour online access to SAP.",SAP-related fields/ analytics/ IT project management/ business analysis.,Australia,Yes,Yes,,Yes,Yes,
MST,Victoria University,City FlindersVU Sydney,Master of Business (Enterprise Resource Planning Systems),Victoria University Business School,"14,850",,AUD,Year,2,Years,IELTS,,,6.5,,,https://www.vu.edu.au/courses/international/BMES,English,A,,AGL/ BHP/ British Petroleum (UK)/ Cadbury Schweppes/ Carter Holt Harvey/ China Air Express/ Ernest & Young/ Exxon Mobil Ltd/ IBM/ Linfox/ Siemens/ Unisys.,Australia,Yes,Yes,,Yes,Yes,
MST,Victoria University,City Flinders,Master of Business (Enterprise Resource Planning Systems)/ Master of Supply Chain Management,Victoria University Business School,"14,850",,AUD,Year,2.5,Years,IELTS,,,6.5,,,https://www.vu.edu.au/courses/international/BMDB,English,A,"Get a competitive edge in ERP or supply chain management with Victoria University’s double masters degree in Business (Enterprise Resource Planning Systems) and Supply Chain Management. You will increase your knowledge of supply chain management, enterprise resource planning (ERP) system processes, SAP application, recent developments in sustainability and global trends in business. We also focus on developing skills in critical thinking, problem solving and creativity.  ",senior and leadership roles in ICT/ ERP analyst/ business software manager/ business analyst/ SAP business consultant.,Australia,Yes,Yes,,Yes,Yes,
MST,Victoria University,City Flinders,Master of Business (Enterprise Resource Planning Systems)/Master of Business Analytics,Victoria University Business School,"14,850",,AUD,Year,2.5,Years,IELTS,,,6.5,,,https://www.vu.edu.au/courses/international/BMDA,English,A,"Become an industry leader in enterprise resource management planning (ERP) systems and SAP with our double masters degree. The Master of Business (Enterprise Resource Planning Systems)/Master of Business Analytics will help you increase your knowledge of: You’ll develop skills in critical thinking, problem solving, business analytics, creativity and personal leadership.","senior and leadership roles in ICT/ ERP analyst/ business analyst/ business intelligence/ information prediction/ financial, logistics, human resources and supply chain analysis.",Australia,Yes,Yes,,Yes,Yes,
GDIP,Victoria University,City Flinders,Graduate Diploma in Business (Industrial Relations and Human Resource Management),Victoria University Business School,"15,300",,AUD,Year,1,Year,IELTS,,,6.5,,,https://www.vu.edu.au/courses/international/BGIH,English,A,,human resource executive/ employee relations manager/ industrial relations manager/ union official or representative.,Australia,Yes,Yes,,Yes,Yes,
MST,Victoria University,City Flinders,Master of Business (Industrial Relations/Human Resource Management),Victoria University Business School,"14,850",,AUD,Year,2,Years,IELTS,,,6.5,,,https://www.vu.edu.au/courses/international/BMIR,English,A,"Aim for a management role in human resources or industrial relations, for a dynamic, in-demand career. In this specialised Master of Business, you’ll explore contemporary industrial relations and human resource (IR/HR) management. You’ll develop business expertise and learn to resolve IR conflicts. These skills are in high demand in Australia, making this masters an excellent step towards a successful career.",human resource manager/ employee development planner/ employee relations manager/ recruitment consultant/ industrial relations officer/ union official or representative.,Australia,Yes,Yes,,Yes,Yes,
MST,Victoria University,City Flinders,Master of Business (Management),Victoria University Business School,"14,850",,AUD,Year,2,Years,IELTS,,,6.5,,,https://www.vu.edu.au/courses/international/BMMA,English,A,"Launch your career in management with the popular Master of Business (Management). Gain specialist business knowledge and skills for leadership positions in various fields. This masters course will help you take a confident step towards a senior role in business or the public sector. You’ll develop your strategic thinking, leadership, research and negotiation skills. Your study outcomes will be supported by our strong industry connections and a practical focus on case studies and work-related activities.",business manager/ corporate general manager/ human resource manager/ learning and development coordinator/ operations manager/ project manager.,Australia,Yes,Yes,,Yes,Yes,
MST,Victoria University,City Flinders,Master of Business (Management),Victoria University Business School,"14,850",,AUD,Year,2,Years,IELTS,,,6.5,,,https://www.vu.edu.au/courses/international/BMMA,English,A,"Launch your career in management with the popular Master of Business (Management). Gain specialist business knowledge and skills for leadership positions in various fields. This masters course will help you take a confident step towards a senior role in business or the public sector. You’ll develop your strategic thinking, leadership, research and negotiation skills. Your study outcomes will be supported by our strong industry connections and a practical focus on case studies and work-related activities.",business manager/ corporate general manager/ human resource manager/ learning and development coordinator/ operations manager/ project manager.,Australia,Yes,Yes,,Yes,Yes,
MST,Victoria University,City Flinders,Master of Business (Marketing),Victoria University Business School,"14,850",,AUD,Year,2,Years,IELTS,,,6.5,,,https://www.vu.edu.au/courses/international/BMMK,English,A,,advertising/ market research/ brand management/ marketing/ retail/sales/ public relations/ communications.,Australia,Yes,Yes,,Yes,Yes,
GDIP,Victoria University,City Flinders,Graduate Diploma in Business (Supply Chain Management),Victoria University Business School,"15,300",,AUD,Year,1,Year,IELTS,,,6.5,,,https://www.vu.edu.au/courses/international/BGBS,English,A,,supply-chain manager/ logistics professional/ global procurement specialist/ sourcing/distribution manager/ enterprise resource planning developer/ transport coordinator/ warehouse supervisor/ import/export manager/ customs manager.,Australia,Yes,Yes,,Yes,Yes,
MST,Victoria University,City Flinders,Master of Business (Supply Chain Management),Victoria University Business School,"14,850",,AUD,Year,2,Years,IELTS,,,6.5,,,https://www.vu.edu.au/courses/international/BMSM,English,A,"Aim for a leading role in the supply-chain and logistics industry, with the respected Master of Business (Supply Chain Management). You’ll learn the latest supply-chain theory and gain experience in one of Australia's largest industries. Many of our lecturers are practising professionals, with up-to-date industry knowledge and connections.",supply-chain manager/ logistics professional/ global procurement specialist/ sourcing/distribution manager/ enterprise resource planning developer/ project leader/ transport coordinator/ warehouse supervisor/ import/export manager/ customs manager.,Australia,Yes,Yes,,Yes,Yes,
GDIP,Victoria University,City Flinders,Graduate Diploma in Business (Tourism and Destination Management),Victoria University Business School,"14,850",,AUD,Year,1,Year,IELTS,,,6.5,,,https://www.vu.edu.au/courses/international/BGBT,English,A,"Gain a specialised qualification for a career in policy, planning or management, with a Graduate Diploma in Business (Tourism and Destination Management). This diploma gives graduates the competitive edge for managerial, policy-development and planning roles within the rapidly growing tourism and events industries. Throughout the course, you'll study tourism and management with a focus on contemporary challenges faced by destinations internationally.",Tourism planning agencies/ Tourism promotion agencies such as ‘Destination Melbourne’/ Attractions management/ Marketing and communication (events)/ Planning within the travel sector (airlines and other major transport providers)/ Self-employment through tourism management businesses,Australia,Yes,Yes,,Yes,Yes,
MST,Victoria University,City Flinders,Master of Business (Tourism and Destination Management),Victoria University Business School,"14,850",,AUD,Year,2,Years,IELTS,,,6.5,,,https://www.vu.edu.au/courses/international/BMBT,English,A,,"planning and policy development officers in government departments at national, state and local and regional levels/ research and planning officers with research and consulting firms/ tourism planning and promotion agency staff/ tourism educators through private providers and TAFE/ policy officers with professional and industry associations/ managers of attractions/ marketing and communication roles (events)/ planners within the travel sector (airlines and other major transport providers)/ self employment through tourism management businesses.",Australia,Yes,Yes,,Yes,Yes,
MST,Victoria University,City Flinders,"Master of Change, Innovation and Leadership",Victoria University Business School,"15,500",,AUD,Year,1.5,Years,IELTS,,,6.5,,,https://www.vu.edu.au/courses/international/BMCH,English,A,"Build on your industry experience to become a change management leader with the world-first Master of Change, Innovation and Leadership from Victoria University. This degree is designed to equip experienced professionals from diverse industries with sought-after skills. You’ll develop techniques to build innovative teams, drive complex change and adjust quickly to new business conditions. You’ll learn to help individuals appreciate the complexity that surrounds organisational change and strengthen their ability to manage change in their organisations. The course program is developed in collaboration with industry leaders who have enormous change experience who will also contribute towards the delivery of the program. While the program will take an interdisciplinary approach, the key focus will be on blending business and psychology.",director or head of change/ change management professional/consultant/ organisational development consultant/ program/project manager/ ERP/SAP implementation professional/ coaching and training professional.,Australia,Yes,Yes,,Yes,Yes,
MST,Victoria University,Footscray Park,Master of Clinical Exercise Science and Rehabilitation,College of Sport and Exercise Science,"15,550",,AUD,Year,1.5,Years,IELTS,,,7,,,https://www.vu.edu.au/courses/international/AMEP,English,A,"Become an exercise physiologist (AEP) with a Master of Clinical Exercise Science and Rehabilitation at Victoria University. You'll learn to assess and prescribe exercise and physical activity for people with chronic conditions or complex care needs. This course will prepare you to work in the community and in clinical settings with people who have: Our program follows a strong evidence-based teaching approach to the scope of practice of clinical exercise physiology. To consolidate your theoretical learning, you will gain significant practical experience in clinical placements.",hospitals/ community health centres/ fitness centres/ sporting academies/ sports clinics/ rehabilitation clinics/ case management through compensable schemes such as WorkSafe.,Australia,Yes,Yes,,Yes,Yes,
CERTI,Victoria University,Footscray Nicholson,Certificate III in Commercial Cookery,VU Polytechnic,"6,400",,AUD,Year,1,Year,IELTS,,,") to measure the language proficiency of people who want to study with us. As part of this test, applicants must attain a minimum",,,https://www.vu.edu.au/courses/international/SIT30816,English,A,"Make your culinary dream a reality, with this hands-on commercial cookery course at VU Polytechnic. Using a blend of online and practical skills development, this course provides you with essential skills in the following areas: You'll learn a range of practical skills and the latest trends and techniques used in the industry under the guidance of experienced chefs.",restaurants/cafes/ hotels/ resorts/ reception centres/ airlines/ hospitals/ aged care residences/ cruise ships/ catering companies/ clubs.,Australia,Yes,Yes,,Yes,Yes,
CERTIV,Victoria University,Footscray Nicholson,Certificate IV in Commercial Cookery,VU Polytechnic,"6,400",,AUD,Year,1.5,Years,IELTS,,,") to measure the language proficiency of people who want to study with us. As part of this test, applicants must attain a minimum",,,https://www.vu.edu.au/courses/international/SIT40516,English,A,,restaurants/ hotels/ clubs/ international commercial entities of 5-3 star standard.,Australia,Yes,Yes,,Yes,Yes,
MST,Victoria University,City Flinders,Master of Counselling,College of Health and Biomedicine,"14,050",,AUD,Year,2,Years,IELTS,,,7.0,,,https://www.vu.edu.au/courses/international/AMPE,English,A,"Develop an understanding of the theory and practice of counselling with the Master of Counselling at VU. You'll gain experience in adult, child and adolescent counselling, focusing your learning on: Accredited by the Australian Counselling Association (ACA), the Master of Counselling covers:",counselling/ family support/ multicultural services/ community work/ school counselling/ welfare services/ palliative care/ refugee services/ youth work.,Australia,Yes,Yes,,Yes,Yes,
GCERT,Victoria University,City Flinders,Graduate Certificate in Digital Media,College of Arts and Education,"13,500",,AUD,Year,0.5,Year,IELTS,,,6.5,,,https://www.vu.edu.au/courses/international/ATDM,English,A,"Enhance your career options as a digital media practitioner and become a leader in a global industry with the Graduate Certificate in Digital Media. This course specialises in delivering the latest in industry practices and processes. Informed by our course advisory panel industry practitioners from industry and government, our curriculum is flexible and regularly updated. You'll study developments such as 'app' development, search engine optimisation, content strategy and social network analytics.",digital media production and post-production/ digital marketing management/ mobile and web design/ digital media strategy.,Australia,Yes,Yes,,Yes,Yes,
GDIP,Victoria University,City Flinders,Graduate Diploma in Digital Media,College of Arts and Education,"13,500",,AUD,Year,1,Year,IELTS,,,6.5,,,https://www.vu.edu.au/courses/international/AGDM,English,A,,digital media 'all rounder'/ UX (user experience) practitioner/ digital media producer/ digital marketing manager/ e-learning designer/ mobile and web designer/ digital media strategist/ social media strategy and analyst.,Australia,Yes,Yes,,Yes,Yes,
MST,Victoria University,City Flinders,Master of Digital Media,College of Arts and Education,"13,500",,AUD,Year,2,Years,IELTS,,,6.5,,,https://www.vu.edu.au/courses/international/AMDM,English,A,Shake up the digital-media landscape and be at the forefront of this rapidly moving global industry with VU's Master of Digital Media. Advance your career options as a digital media professional or learn how to implement innovative digital transformations in your current industry. VU’s Master of Digital Media is designed for a future-focused professional with an entrepreneurial spirit.,digital media 'all rounder'/ UX (user experience) practitioner/ digital media producer/ digital marketing manager/ e-learning designer/ mobile and web designer/ digital media strategist/ social media strategy and analyst/ cross-media practitioner.,Australia,Yes,Yes,,Yes,Yes,
CERTI,Victoria University,Footscray Nicholson,Certificate III in Early Childhood Education and Care,VU Polytechnic,"7,500",,AUD,Year,0.5,Year,IELTS,,,5.5,,,https://www.vu.edu.au/courses/international/CHC30113,English,A,"Turn your passion for working with children into a career with a Certificate III in Early Childhood Education and Care at Victoria University Polytechnic. This course covers the fundamentals of childhood development and caring for children. You’ll gain the skills and expertise to provide quality education for children in a range of environments. Through classroom learning and two practical placements in daycare settings, you’ll learn to plan activities focused on children’s development.",homes/ childcare centres/ community services/ education programs.,Australia,Yes,Yes,,Yes,Yes,
GDIP,Victoria University,,Graduate Diploma in Early Childhood Education,College of Arts and Education,,,AUD,Year,,Year,IELTS,,,": Overall 7.0 with Listening 7.5, Reading 6.5, Writing 6.5, Speaking 7.5. OR the following sc",,,https://www.vu.edu.au/courses/international/EGEC,English,A,"Launch a rewarding and in-demand career, with VU's one-year Graduate Diploma of Early Childhood Education. Our graduate diploma allows graduates of degree programs to become early-childhood teachers. You'll engage with units focused on children from birth to five years, learning how teaching practice can include children and families as capable participants in education.","public or private kindergartens (preschool)/ long-day-care centres/ early-childhood centres in the state of Victoria, Australia.",Australia,Yes,Yes,,Yes,Yes,
GCERT,Victoria University,Footscray Park,Graduate Certificate in Education,College of Arts and Education,"13,500",,AUD,Year,0.5,Year,IELTS,,,6.5,,,https://www.vu.edu.au/courses/international/ETED,English,A,"Gain an advanced knowledge of learning and teaching applicable to the education sector, community, government and industry. This certificate is the first step in our graduate program in education. It is tailored to trainers and teachers in education, community, government and industry. Our graduate education course gives you an overview of the latest high-level education theory. You’ll learn contemporary ideas and techniques in:",education professional in schools or other settings/ manager in specialist education/ workplace trainer.,Australia,Yes,Yes,,Yes,Yes,
GDIP,Victoria University,Footscray Park,Graduate Diploma in Education,College of Arts and Education,"13,500",,AUD,Year,1,Year,IELTS,,,6.5,,,https://www.vu.edu.au/courses/international/EGED,English,A,"Gain advanced skills and knowledge for a variety of education settings. The Graduate Diploma of Education extends your career prospects into new and exciting areas. This course is designed to meet the needs of trainers and teachers in education, community, government and industry. It builds on your qualifications or experience – preparing you for higher roles. The course provides a perfect mix of hands-on practice and education theory. You’ll gain the confidence and skill set needed to lead school or workplace programs.",education professional in schools or other settings/ manager in specialist education/ policy maker or developer/ workplace trainer.,Australia,Yes,Yes,,Yes,Yes,
MST,Victoria University,Footscray Park,Master of Education,,"13,900",,AUD,Year,2,Years,,,,,,,https://www.vu.edu.au/courses/international/HRED,English,A,,commissioning editor for a specialist academic journal/ presenting at different conferences and travel throughout Australia and around the world/ employment with a university conducting research/ visiting key international research institutes.,Australia,Yes,Yes,,Yes,Yes,
MST,Victoria University,Footscray Park,Master of Education,College of Arts and Education,"13,500",,AUD,Year,2,Years,IELTS,,,6.5,,,https://www.vu.edu.au/courses/international/EMED,English,A,"Build on your education experience by studying the latest theory and research with a Master of Education from Victoria University. This flexible coursework program is underpinned by a strong commitment to and focus on, social justice, sustainability and ethical action. You will gain the skills and confidence to address educational challenges and opportunities in education, community, government and industry. Learning from passionate and experienced educators, you'll gain advanced knowledge about the theory and practice of learning and teaching. This course is designed for teachers, principals, community educators, youth workers, policy-makers or any professional whose work has an educational component or responsibility.",education in schools or other settings / policy making and development/ training in the workplace.,Australia,Yes,Yes,,Yes,Yes,
MST,Victoria University,Footscray ParkWerribee,Master of Engineering (By Research),,"16,550",,AUD,Year,2,Years,,,,,,,https://www.vu.edu.au/courses/international/ERIT,English,A,Develop your knowledge and focus your practical skills on a specific research area in engineering with the Master of Engineering (by Research). As part of this course you'll increase your knowledge and practical skills with a research project in a specific area of engineering. Our College of Engineering and Science has high-tech engineering labs and a very strong research community.,"power generation, transmission, distribution, management and control/ managing, designing and developing telecommunication network systems/ microelectronic and electronic design/ water-related government organisations and private firms.",Australia,Yes,Yes,,Yes,Yes,
MST,Victoria University,Footscray Park,Master of Engineering,College of Engineering and Science,"17,250",,AUD,Year,2,Years,IELTS,,,6.5,,,https://www.vu.edu.au/courses/international/NMEN,English,A,"Gain specialised skills in electrical power, telecommunications, process engineering or water management and aim for a top engineering career with the Master of Engineering. The Master of Engineering prepares you for work in fast-growing industries, with a strong emphasis on real-world problem-solving and international trends. You’ll acquire targeted skills through a combination of coursework, design exercises and research. You’ll have the chance to develop and implement innovative telecommunication or power-distribution solutions, with real-world applications.","power generation, transmission, distribution, management and control/ managing, designing and developing telecommunication network systems/ microelectronic and electronic design/ water-related government organisations and private firms.",Australia,Yes,Yes,,Yes,Yes,
GCERT,Victoria University,City Flinders,Graduate Certificate in Enterprise and Resource Planning Systems,Victoria University Business School,"14,850",,AUD,Year,0.5,Year,IELTS,,,6.5,,,https://www.vu.edu.au/courses/international/BTEN,English,A,"Get job-ready for a career in SAP solutions, with our world-leading graduate program in ERP systems. If you are interested in a career using SAP software, VU is the place to study for it. We have the most comprehensive postgraduate program in Australia, with strong industry connections. We offer hands-on experience and 24-hour online access to SAP. Our course covers:",construction/ customer-relationship management/ finance/ manufacturing/ marketing/ sporting industries/ tourism.,Australia,Yes,Yes,,Yes,Yes,
MST,Victoria University,City Flinders,Master of Enterprise Resource Planning Management,Victoria University Business School,"14,850",,AUD,Year,1.5,Years,IELTS,,,6.5,,,https://www.vu.edu.au/courses/international/BMEP,English,A,"Achieve a lucrative position as a SAP specialist in the growing world of digital-resource management, with our world-class Master of Enterprise Resource Planning Management. Our program gives you specialised and sought-after expertise. It is highly valued in the industry, as the only course at this level in Australia. We have strong industry connections, offering real-world experience and networking opportunities. During your study, you’ll develop practical, up-to-date knowledge of SAP software. We offer hands-on experience and online access to SAP programs.",construction/ customer relationship management/ finance/ manufacturing/ marketing/ sporting industries/ tourism.,Australia,Yes,Yes,,Yes,Yes,
MST,Victoria University,City Flinders,Master of Health Science (Osteopathy),College of Health and Biomedicine,"18,350",,AUD,Year,1.5,Years,IELTS,,,6.5,,,https://www.vu.edu.au/courses/international/HMHO,English,A,"Become a skilled healthcare professional, eligible to practise and register as an osteopath, with a Master of Health Science from VU. This course will equip you with the knowledge and diagnostic skills to confidently begin your osteopathy career. VU offers one of only three accredited osteopathy programs in Australia. This masters follows on from the Bachelor of Science (Osteopathy). Together, the courses provide eligibility for registration to practice as an osteopath.",private clinics/ hospitals/ maternal health centres/ community organisations.,Australia,Yes,Yes,,Yes,Yes,
ADIP,Victoria University,Footscray Nicholson,Advanced Diploma of Hospitality Management,VU Polytechnic,"6,300",,AUD,Year,1.5,Years,IELTS,,,") to measure the language proficiency of people who want to study with us. As part of this test, applicants must attain a minimum",,,https://www.vu.edu.au/courses/international/SIT60316,English,A,"Turn your passion for hospitality into a rewarding career and get qualified for senior management positions in the industry. You’ll learn and apply your skills in our fully equipped hospitality training centre under the guidance of passionate industry experts. You will develop advanced skills in hospitality operations and leadership, including: During your course you will have access to leading industry standard software, including Opera Property used in many leading hotels throughout Australia. You will learn the skills to use the system and manage hotel front office operations, including creating reservations, managing accounts and check out.",area manager or operations manager/ café owner or manager/ club secretary or manager/ food and beverage manager/ motel owner or manager/ rooms division manager.,Australia,Yes,Yes,,Yes,Yes,
MST,Victoria University,City Flinders,Master of Industrial Relations and Human Resource Management,Victoria University Business School,"14,850",,AUD,Year,1.5,Years,IELTS,,,6.5,,,https://www.vu.edu.au/courses/international/BMIH,English,A,"Become a leader in human-resource and industrial-relation management. This program is designed for people with relevant experience – letting you complete a masters degree in a shorter timeframe. If you are passionate about supporting people in their work environment and want to progress to a challenging leadership role, this course will put you on track. Our specialised masters teaches the latest theory in modern industrial-relations (IR) and human-resource (HR) management. These are highly sought-after skills, making this area an excellent career choice.",human resource executive/ employee relations manager/ industrial relations manager/ union official or representative.,Australia,Yes,Yes,,Yes,Yes,
GCERT,Victoria University,Footscray Park,Graduate Certificate in International Community Development	,College of Arts and Education,"12,000",,AUD,Year,0.5,Year,IELTS,,,6.5,,,https://www.vu.edu.au/courses/international/ATID,English,A,"Further your career in international humanitarian and development aid with the Graduate Certificate in International Community Development. This practical postgraduate program offers you a personalised education, including workplace training, for a career in community development in the local and international arena. You’ll gain a thorough understanding of community development by exploring key theories, as well as ethical, socially responsible and sustainable practices. You’ll also learn about the impact of globalisation, conflict resolution and international organisation governance.","international consultant (within human rights, gender, poverty reduction or project evaluation)/ international project manager (e.g. Australian Red Cross and World Vision)/ government employee (e.g. local or federal government)/ community development educator/ international project manager/ journalist/ researcher.",Australia,Yes,Yes,,Yes,Yes,
GDIP,Victoria University,Footscray Park,Graduate Diploma in International Community Development	,College of Arts and Education,"12,000",,AUD,Year,1,Year,IELTS,,,6.5,,,https://www.vu.edu.au/courses/international/AGID,English,A,,"international and regional consultant in human rights, gender, poverty reduction and project evaluation/ project manager with international, government and local organisations such as Australian Red Cross, Save the Children, Asylum Seekers Resource Centre/ leaders and advisers in government/ community development educator and trainer/ journalist/ activist/ academic and researcher.",Australia,Yes,Yes,,Yes,Yes,
MST,Victoria University,Footscray Park,Master of International Community Development,College of Arts and Education,"12,000",,AUD,Year,2,Years,IELTS,,,6.5,,,https://www.vu.edu.au/courses/international/AMCD,English,A,"Become a leader in social change, human rights and sustainable development at a global or local level, with the Master of International Community Development. This unique, popular program offers you a personalised education. It includes practical on-site learning and deep engagement with communities and experts in the field. The perfect mix of study and practical experience will have you job-ready for a fulfilling career. Key study areas include:","international and regional consultant in human rights, gender, poverty reduction and project evaluation/ project manager with international, government and local organisations such as Australian Red Cross, Save the Children, Asylum Seekers Resources Centre/ leaders and advisers in government/ community development educator and trainer/ journalist/ activist/ academic and researcher.",Australia,Yes,Yes,,Yes,Yes,
MST,Victoria University,City Queen,Master of Laws (By Research),,"17,200",,AUD,Year,2,Years,,,,,,,https://www.vu.edu.au/courses/international/BMLT,English,A,"Become an expert in an area of the law that engages your interest or stirs your passion. Our Master of Laws (by Research) allows in-depth study of a legal topic. VU offers support and guidance from leading legal researchers. For your masters degree, you’ll complete a major thesis, worthy of publication, under expert supervision. Our research program maintains strong links with public-sector authorities such as the Department of Justice, as well as private law firms – offering access to real-world scenarios for investigation.","A Master of Laws will help you advance your career in academia, the law and related fields. It also opens the doors to academic or government advisory roles.",Australia,Yes,Yes,,Yes,Yes,
MST,Victoria University,City Flinders,Master of Management,Victoria University Business School,"14,850",,AUD,Year,1.5,Years,IELTS,,,6.5,,,https://www.vu.edu.au/courses/international/BMMM,English,A,"Become an expert in workplace management through study and hands-on experience. Gain the skills needed to manage project teams and lead change with the Master of Management. This course focuses on managing people, systems and projects in today’s global organisations. It allows graduates to build on their qualifications with specialised expertise. Management study areas include:",learning and development or HR development/ change management or organisation development/ leadership roles in innovation and business sustainability.,Australia,Yes,Yes,,Yes,Yes,
MST,Victoria University,City Flinders,Master of Marketing,Victoria University Business School,"14,850",,AUD,Year,1.5,Years,IELTS,,,6.5,,,https://www.vu.edu.au/courses/international/BMKM,English,A,"Become a leader in marketing with expertise and practical skills tailored to the changing dynamic and digital marketplace, with the Master of Marketing. In this course business graduates take their marketing knowledge to the next level. You’ll become an expert in developing and executing successful marketing strategies. The techniques you learn can be applied to business and not-for-profit organisations and include advanced skills in:",advertising specialist/ market research analyst/ marketing specialist/ retail manager.,Australia,Yes,Yes,,Yes,Yes,
GDIP,Victoria University,,Graduate Diploma in Migration Law,College of Law and Justice,,,AUD,Year,,Year,IELTS,,,"6.5 with no band less than 6.0 in Listening, Reading, Writing and Speaking).",,,https://www.vu.edu.au/courses/international/LGML,English,A,"Gain advanced knowledge in migration law with our practical and engaging Graduate Diploma in Migration Law. VU is Australia’s leading migration law education provider, with the longest-running program nationwide. The Graduate Diploma in Migration Law is designed for prospective migration agents, legal practitioners, HR migration specialists and government workers to build on their knowledge and become registered migration agents. Through applied research and study, you will gain the following practical knowledge and skills:",registered migration agent with the Office of the Migration Agents Registration Authority (OMARA)/ specialised migration lawyer/ community law advisor/ human resource assessors and advisers/ policy work in government and industry.,Australia,Yes,Yes,,Yes,Yes,
MST,Victoria University,St Albans,Master of Nursing (By Research),,"14,350",,AUD,Year,2,Years,,,,,,,https://www.vu.edu.au/courses/international/HRNR,English,A,"Conduct original research and contribute to the healthcare field with a Master of Nursing (By Research) at Victoria University. This course is designed for registered nurses with a demonstrated ability to conduct extensive study and research in a focused area of nursing. It will allow you to make new discoveries and ultimately improve the health of individuals, families and communities. You’ll plan, undertake and disseminate rigorous research into a specialised area of nursing. The course will provide you with excellent professional development as well as make a contribution to knowledge and clinical practice in nursing.","Through the research skills and knowledge you gain in this course, you will be able to provide leadership as a nurse at a local, national and international level.",Australia,Yes,Yes,,Yes,Yes,
GDIP,Victoria University,Footscray Park,Graduate Diploma in Project Management,College of Engineering and Science,"16,100",,AUD,Year,1,Year,IELTS,,,6.5,,,https://www.vu.edu.au/courses/international/NGPM,English,A,"Prepare for a rewarding project-management role, or learn new skills for your current project-management position, with a graduate qualification from VU. The Graduate Diploma in Project Management is one of a suite of courses designed for current or potential project managers in industry. You’ll learn specialised project management principles and techniques. You can apply the skills you learn during this course to projects in sectors including: The internationally-recognised A Guide to the Project Management Body of Knowledge (PMBOK® Guide) underpins all our project-management teaching. We  have strong industry connections, which give you access to current work-based scenarios. These combine for a practical, usable and valued skill set.",administration/ business/ construction/ engineering/ health services sector/ information technology/ public sector/ science.,Australia,Yes,Yes,,Yes,Yes,
MST,Victoria University,Footscray Park,Master of Project Management,College of Engineering and Science,"16,100",,AUD,Year,2,Years,IELTS,,,6.5,,,https://www.vu.edu.au/courses/international/NMPM,English,A,Gain a diverse and in-demand skill set for a rewarding career when you study the Master of Project Management. This course is specifically designed for current and potential project managers in industry. It equips you with advanced project management principles and techniques which can be applied across various industries. You can apply the project management skills you learn during this course to projects in sectors including:,"construction managers, via Job Outlook/ engineering managers, via Job Outlook/ ICT managers, via Job Outlook.",Australia,Yes,Yes,,Yes,Yes,
MST,Victoria University,Footscray Park,Master of Project Management,College of Engineering and Science,"16,100",,AUD,Year,2,Years,IELTS,,,6.5,,,https://www.vu.edu.au/courses/international/NMPM,English,A,Gain a diverse and in-demand skill set for a rewarding career when you study the Master of Project Management. This course is specifically designed for current and potential project managers in industry. It equips you with advanced project management principles and techniques which can be applied across various industries. You can apply the project management skills you learn during this course to projects in sectors including:,"construction managers, via Job Outlook/ engineering managers, via Job Outlook/ ICT managers, via Job Outlook.",Australia,Yes,Yes,,Yes,Yes,
MST,Victoria University,Footscray Park,Master of Science (Research),,"16,150",,AUD,Year,2,Years,,,,,,,https://www.vu.edu.au/courses/international/SRMS,English,A,Enhance your skills and knowledge with a Master of Science (Research) conducted in VU's high-tech laboratories and world-class research institutes. The Master of Science (Research) is undertaken purely by research on a topic that is agreed between the student and supervisor and is endorsed through university processes. You’ll research an area aligned with your qualifications and passions. We offer world-class opportunities for research in:,laboratory scientists/ life scientists/ software and applications programmers.,Australia,Yes,Yes,,Yes,Yes,
GDIP,Victoria University,City Flinders,Graduate Diploma in Sport Business and Integrity,College of Sport and Exercise Science,"19,200",,AUD,Year,1,Year,IELTS,,,6.5,,,https://www.vu.edu.au/courses/international/SGSI,English,A,"Turn your love of sport into a rewarding career, with a graduate qualification from our leading sport education program. The Graduate Diploma in Sport Business and Integrity will teach you to fulfil the dual responsibilities of managers in professional and community sport. You will learn to run leagues and associations, manage facilities, deliver events, and administer clubs at the highest professional level.",sport integrity manager/ community relations manager/ corporate and community partnership manager/ sport development manager/ sport planning manager.,Australia,Yes,Yes,,Yes,Yes,
MST,Victoria University,City Flinders,Master of Sport Business and Integrity,College of Sport and Exercise Science,"19,200",,AUD,Year,1.5,Years,IELTS,,,6.5,,,https://www.vu.edu.au/courses/international/SMSI,English,A,"Gain the professional and personal skills to succeed in the global sport business industry with a Master of Sport Business and Integrity at Victoria University. This course prepares you for the pressures and complexity of contemporary sport management. You will gain high-level skills and knowledge to implement and deliver sport programs that: With integrity an increasing concern in global sport business, this course will prepare you for expanding career opportunities in the industry.","international agencies/ national, state and local government/ the private sector/ the non-profit sector.",Australia,Yes,Yes,,Yes,Yes,
MST,Victoria University,City Flinders,Master of Supply Chain Management,Victoria University Business School,"15,300",,AUD,Year,1.5,Years,IELTS,,,6.5,,,https://www.vu.edu.au/courses/international/BMSP,English,A,"Get a hands-on, world-class education in supply chain management. Benefit from industry experience and our top research centre to become a logistics professional. Our Master of Supply Chain Management offers exceptional opportunities to gain industry knowledge and skills. Many of our lecturers are practising professionals, with current, relevant experience. You’ll also have access to a world-class research program. You’ll study all the fundamentals of supply chain management. You’ll graduate with a well-honed skill set to support the supply chain, including:",supply chain manager/ logistics professional/ global procurement specialist/ sourcing/distribution manager/ enterprise resource planning developer/ project leader/ transport coordinator/ warehouse supervisor/ import/export manager/ customs manager.,Australia,Yes,Yes,,Yes,Yes,
MST,Victoria University,Footscray Nicholson,Master of Teaching (Primary Education),College of Arts and Education,"13,500",,AUD,Year,2,Years,IELTS,,,(,,,https://www.vu.edu.au/courses/international/EMPE,English,A,"Prepare for a rewarding career as a primary school teacher with the practical experience offered through a Master of Teaching (Primary Education) at Victoria University. Refine your craft as a teacher by engaging in informed classroom discussions and undertaking practical research. This course will prepare you to teach in all areas of the primary curriculum. It includes scope to pursue specialist studies in literacy, numeracy and science. You will gain significant professional experience to prepare you for the real world of teaching. Through our extensive partnerships, you will undertake 60+ days of supervised teaching practice in a primary school.",special-education teacher/ educational-publishing editor or writer/ museum or gallery educator/ tutor/ school-holiday program or aftercare coordinator/ education-supply liaison officer.,Australia,Yes,Yes,,Yes,Yes,
MST,Victoria University,Footscray Nicholson,Master of Teaching (Secondary Education),College of Arts and Education,"13,500",,AUD,Year,2,Years,IELTS,,,(,,,https://www.vu.edu.au/courses/international/EMES,English,A,"Prepare for a rewarding career as a secondary school teacher with the practical experience offered through a Master of Teaching (Secondary Education) at Victoria University. You will gain significant workplace experience to prepare you for the real world of teaching. Through our extensive partnerships, you will undertake supervised teaching placements and have access to many professional-experience opportunities. Our classes are smaller than many other universities', allowing our tutors to tailor the learning experience to our students. As education experts, we understand how students learn best. You won't be asked to sit in large lectures and take regular tests. Instead, you'll learn in practical workshops, with applicable tasks that prepare you to be an excellent teacher, such as creating lesson plans and presenting relevant research findings.",business/ computing/ creativity and the arts/ English/ health/ humanities/ languages other than English (LOTE)/ mathematics/ music/ outdoor education/ physical education/ psychology/ technology/ teaching English as a second language/ science/ student welfare.,Australia,Yes,Yes,,Yes,Yes,
MST,Victoria University,City Flinders,Master of Tourism and Destination Management,Victoria University Business School,"15,300",,AUD,Year,1.5,Years,IELTS,,,6.5,,,https://www.vu.edu.au/courses/international/BMTD,English,A,"The Master of Tourism and Destination Management prepares business graduates for managerial, policy development and planning roles in the rapidly growing tourism and events industries. This course incorporates tourism and management studies with a focus on addressing contemporary issues and challenges faced by destinations internationally. The program is embedded within an established suite of business programs including Victoria University’s internationally awarded MBA.","planning and policy development officers in government departments at national, state and local and regional levels/ research and planning officers with research and consulting firms/ tourism planning and promotion agency staff/ tourism educators through private providers and TAFE/ policy officers with professional and industry associations/ managers of attractions/ marketing and communication roles (events)/ planners within the travel sector (airlines and other major transport providers)/ self employment through tourism management businesses.",Australia,Yes,Yes,,Yes,Yes,
